{"cameraMode":{"drawMode":0,"name":"Shaded","section":"Shading Mode"},"sceneLighting":false,"audioPlay":false,"sceneViewState":{"m_AlwaysRefresh":false,"showFog":true,"showSkybox":false,"showFlares":true,"showImageEffects":true,"showParticleSystems":true,"showVisualEffectGraphs":true,"m_FxEnabled":true},"in2DMode":false,"pivot":{"x":-1.1920928955078126e-7,"y":0.17530429363250733,"z":-0.12425696849822998},"rotation":{"x":0.10583916306495667,"y":-0.7464398741722107,"z":0.12390740215778351,"w":0.6440762877464294},"size":0.7475734949111939,"orthographic":false}