{"cameraMode":{"drawMode":0,"name":"Shaded","section":"Shading Mode"},"sceneLighting":true,"audioPlay":false,"sceneViewState":{"m_AlwaysRefresh":false,"showFog":true,"showSkybox":true,"showFlares":true,"showImageEffects":true,"showParticleSystems":true,"showVisualEffectGraphs":true,"m_FxEnabled":true},"in2DMode":false,"pivot":{"x":46.070045471191409,"y":1.5873768329620362,"z":0.18178844451904298},"rotation":{"x":0.1579626053571701,"y":-0.20832286775112153,"z":0.03408131003379822,"w":0.9646245837211609},"size":6.255979061126709,"orthographic":false}