{"cameraMode":{"drawMode":0,"name":"Shaded","section":"Shading Mode"},"sceneLighting":false,"audioPlay":false,"sceneViewState":{"m_AlwaysRefresh":false,"showFog":true,"showSkybox":false,"showFlares":true,"showImageEffects":true,"showParticleSystems":true,"showVisualEffectGraphs":true,"m_FxEnabled":true},"in2DMode":false,"pivot":{"x":-0.2966582775115967,"y":-0.38058942556381228,"z":0.6960499286651611},"rotation":{"x":-0.09679502248764038,"y":0.21529872715473176,"z":-0.021459413692355157,"w":-0.9714757800102234},"size":1.3810542821884156,"orthographic":false}