{"cameraMode":{"drawMode":0,"name":"Shaded","section":"Shading Mode"},"sceneLighting":false,"audioPlay":false,"sceneViewState":{"m_AlwaysRefresh":false,"showFog":true,"showSkybox":false,"showFlares":true,"showImageEffects":true,"showParticleSystems":true,"showVisualEffectGraphs":true,"m_FxEnabled":true},"in2DMode":false,"pivot":{"x":15.050475120544434,"y":137.93470764160157,"z":-31.246503829956056},"rotation":{"x":-0.01428095530718565,"y":-0.9020876288414002,"z":0.030077025294303895,"w":-0.4300999641418457},"size":7.699836730957031,"orthographic":false}