{"cameraMode":{"drawMode":0,"name":"Shaded","section":"Shading Mode"},"sceneLighting":false,"audioPlay":false,"sceneViewState":{"m_AlwaysRefresh":false,"showFog":true,"showSkybox":false,"showFlares":true,"showImageEffects":true,"showParticleSystems":true,"showVisualEffectGraphs":true,"m_FxEnabled":true},"in2DMode":false,"pivot":{"x":-0.12850910425186158,"y":0.2985306978225708,"z":0.37743330001831057},"rotation":{"x":0.10145816951990128,"y":0.6522030830383301,"z":-0.08889895677566529,"w":0.7459090948104858},"size":6.226003170013428,"orthographic":false}