{"cameraMode":{"drawMode":0,"name":"Shaded","section":"Shading Mode"},"sceneLighting":false,"audioPlay":false,"sceneViewState":{"m_AlwaysRefresh":false,"showFog":true,"showSkybox":false,"showFlares":true,"showImageEffects":true,"showParticleSystems":true,"showVisualEffectGraphs":true,"m_FxEnabled":true},"in2DMode":false,"pivot":{"x":82.29706573486328,"y":0.725449800491333,"z":-47.34551239013672},"rotation":{"x":0.1540551334619522,"y":0.040291499346494678,"z":-0.006380254868417978,"w":0.9872047305107117},"size":4.4629716873168949,"orthographic":false}