{"cameraMode":{"drawMode":0,"name":"Shaded","section":"Shading Mode"},"sceneLighting":false,"audioPlay":false,"sceneViewState":{"m_AlwaysRefresh":false,"showFog":true,"showSkybox":false,"showFlares":true,"showImageEffects":true,"showParticleSystems":true,"showVisualEffectGraphs":true,"m_FxEnabled":true},"in2DMode":false,"pivot":{"x":1.1246302127838135,"y":1.1239945888519288,"z":-0.0888303890824318},"rotation":{"x":-0.13005882501602174,"y":0.7047894597053528,"z":-0.13395173847675324,"w":-0.6843736171722412},"size":0.28780025243759158,"orthographic":false}