{"cameraMode":{"drawMode":0,"name":"Shaded","section":"Shading Mode"},"sceneLighting":false,"audioPlay":false,"sceneViewState":{"m_AlwaysRefresh":false,"showFog":true,"showSkybox":false,"showFlares":true,"showImageEffects":true,"showParticleSystems":true,"showVisualEffectGraphs":true,"m_FxEnabled":true},"in2DMode":false,"pivot":{"x":0.05056309700012207,"y":-0.060393333435058597,"z":0.8007718324661255},"rotation":{"x":0.12427343428134918,"y":0.6458963751792908,"z":-0.10786381363868714,"w":0.7454458475112915},"size":2.5388948917388918,"orthographic":false}