{"cameraMode":{"drawMode":0,"name":"Shaded","section":"Shading Mode"},"sceneLighting":false,"audioPlay":false,"sceneViewState":{"m_AlwaysRefresh":false,"showFog":true,"showSkybox":false,"showFlares":true,"showImageEffects":true,"showParticleSystems":true,"showVisualEffectGraphs":true,"m_FxEnabled":true},"in2DMode":false,"pivot":{"x":18.898521423339845,"y":134.4996337890625,"z":-90.93797302246094},"rotation":{"x":-0.06957470625638962,"y":-0.45479583740234377,"z":0.035759005695581439,"w":-0.8871739506721497},"size":23.539865493774415,"orthographic":false}