{"cameraMode":{"drawMode":0,"name":"Shaded","section":"Shading Mode"},"sceneLighting":false,"audioPlay":false,"sceneViewState":{"m_AlwaysRefresh":false,"showFog":true,"showSkybox":false,"showFlares":true,"showImageEffects":true,"showParticleSystems":true,"showVisualEffectGraphs":true,"m_FxEnabled":true},"in2DMode":false,"pivot":{"x":55.498382568359378,"y":-3.5596742630004885,"z":-22.249561309814454},"rotation":{"x":0.23798836767673493,"y":0.00756398169323802,"z":-0.0019348339410498739,"w":0.9712130427360535},"size":8.25353717803955,"orthographic":false}